INSERT INTO public.KONU (NAME) VALUES ('Java');
INSERT INTO public.KONU (NAME) VALUES ('Spring');
INSERT INTO public.KONU (NAME) VALUES ('Docker');
INSERT INTO public.KONU (NAME) VALUES ('React');
				   
INSERT INTO public.OGRENCI (NAME, OGR_NUMBER, YEAR) VALUES ('zehra', 123, 1);
INSERT INTO public.OGRENCI (NAME, OGR_NUMBER, YEAR) VALUES ('gül', 234, 2);
INSERT INTO public.OGRENCI (NAME, OGR_NUMBER, YEAR) VALUES ('ibrahim', 345, 2);
INSERT INTO public.OGRENCI (NAME, OGR_NUMBER, YEAR) VALUES ('şevval', 777, 4);
INSERT INTO public.OGRENCI (NAME, OGR_NUMBER, YEAR) VALUES ('furkan', 765, 2);
				   
INSERT INTO public.OGRETMEN (NAME, IS_GICIK) VALUES ('oğuzhan', false);
INSERT INTO public.OGRETMEN (NAME, IS_GICIK) VALUES ('hasan', true);
INSERT INTO public.OGRETMEN (NAME, IS_GICIK) VALUES ('berke', true);
INSERT INTO public.OGRETMEN (NAME, IS_GICIK) VALUES ('berfin', true);
				   
INSERT INTO public.DERS (OGRETMEN_ID, KONU_ID) VALUES (1, 1);
INSERT INTO public.DERS (OGRETMEN_ID, KONU_ID) VALUES (2, 2);
INSERT INTO public.DERS (OGRETMEN_ID, KONU_ID) VALUES (3, 3);
				   
INSERT INTO public.DERS_OGRENCI (DERS_ID, OGRENCI_ID, DEVAMSIZLIK, NOTE) VALUES (1, 1, 5, 90);
INSERT INTO public.DERS_OGRENCI (DERS_ID, OGRENCI_ID, DEVAMSIZLIK, NOTE) VALUES (1, 2, 5, 90);
INSERT INTO public.DERS_OGRENCI (DERS_ID, OGRENCI_ID, DEVAMSIZLIK, NOTE) VALUES (1, 3, 5, 90);
INSERT INTO public.DERS_OGRENCI (DERS_ID, OGRENCI_ID, DEVAMSIZLIK, NOTE) VALUES (1, 4, 5, 90);
INSERT INTO public.DERS_OGRENCI (DERS_ID, OGRENCI_ID, DEVAMSIZLIK, NOTE) VALUES (2, 2, 5, 90);
INSERT INTO public.DERS_OGRENCI (DERS_ID, OGRENCI_ID, DEVAMSIZLIK, NOTE) VALUES (2, 3, 5, 90);
INSERT INTO public.DERS_OGRENCI (DERS_ID, OGRENCI_ID, DEVAMSIZLIK, NOTE) VALUES (2, 4, 5, 90);
INSERT INTO public.DERS_OGRENCI (DERS_ID, OGRENCI_ID, DEVAMSIZLIK, NOTE) VALUES (2, 5, 5, 90);
INSERT INTO public.DERS_OGRENCI (DERS_ID, OGRENCI_ID, DEVAMSIZLIK, NOTE) VALUES (3, 1, 5, 90);
INSERT INTO public.DERS_OGRENCI (DERS_ID, OGRENCI_ID, DEVAMSIZLIK, NOTE) VALUES (3, 5, 5, 90);

INSERT INTO public.custom_user (username, password, enabled) VALUES ('admin', '$2a$10$V2UuPZLY7Pzu6ihGbA0Yc.lCHmZ7KCr0Ahdm5IPcYkES/HO0bD1NO', true);
INSERT INTO public.custom_user (username, password, enabled) VALUES ('user', '$2a$10$WDtUVEjZuuQ7YNOfweEOu.5BxWq/yRH/LIyU9jv0g.TYjP8DfiMfC', true);

INSERT INTO public.role (name) VALUES ('ROLE_ADMIN');
INSERT INTO public.role (name) VALUES ('ROLE_USER');

INSERT INTO public.custom_user_roles (custom_user_username, roles_name) VALUES ('user', 'ROLE_USER');
INSERT INTO public.custom_user_roles (custom_user_username, roles_name) VALUES ('admin', 'ROLE_ADMIN');